username,count
Gaurav,10
Rishabh,10
harshit,9
shashank,9
Himanshu,9
Tushar,9
Shreya,9
Abhinav,8
Vaibhav,8
Akshay,8
Utkarsh,7
Shivam,7
Aditya,7
Harsh,7
shruti,7
Sarthak,6
Priyanshu,6
Priyanka,6
saurabh,5
Aditi,5
Vansh,5
piyush,5
Muskan,5
Bharat,5
Deepak,5
shubham,5
Soumya,5
Harshita,5
Pooja,5
Vishal,4
Aayush,4
Ashish,4
Srishti,4
Dhruv,4
RITIK,4
Varun,4
Abhay,4
Ankit,4
Sahil,4
Vivek,4
krishna,4
Priya,4
Suraj,4
sneha,4
Ishan,4
Himanshi,4
ashutosh,4
Komal,4
Diksha,4
kushagra,4
______,4
heisenberg,4
shubh,4
________,4
chirag,4
Prashant,4
Aniket,4
Nancy,4
Anusha,4
Siddhant,4
manish,4
Karan,4
BerLin,3
Radhika,3
Virus,3
Saitama,3
siddharth,3
Kashish,3
Naveen,3
JAYESH,3
Adarsh,3
RAHUL,3
Conquestor,3
SHWETA,3
hardik,3
Shivangi,3
Naman,3
prateek,3
aakash,3
Pranav,3
Nitesh,3
rohan,3
anmol,3
Tanmay,3
ankitdhariwal,3
khushi,3
Pawan,3
Preeti,3
Kshitij,3
vinoth,3
prachi,3
sakshi,3
adnan,3
Badal,3
___________,3
kaushik,3
Parth,3
Subham,3
Vidhi,3
Akshat,3
Ankita,3
madhav,3
Alpha,3
Farhan,3
Ashwin,3
saran,3
anushka,3
daksh,3
sumit,3
nishant,3
amrita,3
Sujit,3
Raghav,3
Navya,3
Anjali,3
Mansi,3
Tarun,3
ayushi,3
Abhishek,3
Anshika,3
mayank,3
ganesh,3
Akanksha,2
Ritesh,2
Shrey,2
uditiarora,2
Hrishikesh,2
Hritik,2
Pallavi,2
PATIL,2
Nezuko,2
Baburao,2
sagar,2
Gamerfleet,2
KnightMare,2
hrk_007,2
umang,2
sonam,2
himture,2
Rutuja,2
dexter,2
Hastar,2
Pulkit,2
Shikhar,2
Anshul,2
Protein,2
saksham,2
Prathamesh,2
KSHITIZ,2
ruchi,2
Shinigami,2
ANUSH,2
termX,2
SaahiL,2
suresh,2
learner,2
Mitesh,2
ghost,2
satya,2
Honey,2
nikhil,2
Mridul,2
chaitanya,2
tayra,2
mohit,2
Yoshimitsu,2
_____,2
prakhar,2
Sourav,2
adpsbaimlds,2
Abhinay,2
Aishwarya,2
Beast,2
arpit,2
Predator,2
Anand,2
rakesh,2
lakshmi,2
unnati,2
Aayushi,2
niharika,2
Vishwas,2
Sandeep,2
khalnayak,2
Rawsee,2
Daredevil,2
Pratik,2
Souvik_Acharya,2
Venkatesh,2
Shree,2
gagan,2
Sam_2001,2
rajneesh,2
Sparsh,2
_ARYAN_,2
Shady,2
Divyansh,2
vinay,2
sankalp,2
Kumaran,2
Vedant,2
syashagarwal,2
blackburn,2
Ishita,2
_______,2
Grawish,2
Anurag,2
rushi,2
Developer,2
Sagnik,2
Tiyas,2
ritika,2
Astha,2
Dipak,2
vedant.jain,2
sakshiMN,2
Rashi,2
Divya,2
nandini_3658,2
AzerapheLOP,2
saumya,2
mani__garg,2
shikha,2
anshay,2
kakarot,2
harsha,2
jainil,2
suyog,2
Sachin,2
FLASH,2
vinaya,2
rohitk706,2
Arun_kumar,2
Arindam,2
Haridas,2
Devanshu,2
Tanmayi,2
Rishi,2
Ramya,2
classified,2
Richa,2
Samyak,2
shalini,2
Surbhi,2
iam_krj,2
dev.world,2
Gayathri,2
Vegeta,2
Prayasu.x_x,2
udaygajavalli,2
alokmishra,2
girish,2
mrityunjay,2
chahat,2
smarpit,2
Jasvinder93,2
ankit.singh1,2
Aviney,2
pathetic_geek,2
Keshav,2
Thivyaa,2
sobhagya_singh,2
Vibhu,2
Priyam,2
coder,2
electron,2
dedsec,2
Manas,2
HellRaiser,2
akshita,2
Rahul2001,2
sandesh,2
mihir,2
Mohd.Afroze,2
Basant,2
hidden,2
Mehul,2
mohak,2
Rakesh_rajput,2
ujjwal,2
shruthi,2
ingenie,2
Harish,2
stranger,2
sujith,2
khushix,2
duvedianirudh,2
Ananya,2
Manoranjan,2
prakhar.rai,2
Rekha,2
Ranger007,2
Amruta,2
Nivedh,2
deepaksingh,2
Jophine,2
Hetvi,2
vikas,2
tarunika,2